PCA n_components,Best PLS n_components,RMSE,R^2
5,1,1.6580411030045321,0.22033810985188806
10,6,1.5243127384180029,0.34103267696363526
15,11,1.6884279723405282,0.1914985587751311
20,1,1.5300707342449553,0.3360448586186515
25,1,1.6433243819962364,0.23411719502596917
30,1,1.7578656023472379,0.12363089789847304
35,1,1.8485015073853581,0.030929575246980923
50,1,1.6521621045932644,0.2258572791915736
100,1,1.916384889983244,-0.041552576
